strike,expiration_date,price,option_type,insert_date
1000,2022-06-03,2772.3,C,2022-04-24
1050,2022-06-03,,C,2022-04-24
1100,2022-06-03,2672.3,C,2022-04-24
1150,2022-06-03,,C,2022-04-24
1200,2022-06-03,2572.2,C,2022-04-24
1250,2022-06-03,,C,2022-04-24
1300,2022-06-03,2472.1,C,2022-04-24
1350,2022-06-03,,C,2022-04-24
1400,2022-06-03,2372.1,C,2022-04-24
1450,2022-06-03,,C,2022-04-24
1500,2022-06-03,2272.0,C,2022-04-24
1550,2022-06-03,,C,2022-04-24
1600,2022-06-03,2172.0,C,2022-04-24
1650,2022-06-03,,C,2022-04-24
1700,2022-06-03,2072.0,C,2022-04-24
1750,2022-06-03,,C,2022-04-24
1800,2022-06-03,1972.0,C,2022-04-24
1850,2022-06-03,,C,2022-04-24
1900,2022-06-03,1872.0,C,2022-04-24
1950,2022-06-03,,C,2022-04-24
2000,2022-06-03,1772.1,C,2022-04-24
2025,2022-06-03,,C,2022-04-24
2050,2022-06-03,,C,2022-04-24
2075,2022-06-03,,C,2022-04-24
2100,2022-06-03,1672.2,C,2022-04-24
2125,2022-06-03,,C,2022-04-24
2150,2022-06-03,,C,2022-04-24
2175,2022-06-03,,C,2022-04-24
2200,2022-06-03,1572.4,C,2022-04-24
2225,2022-06-03,,C,2022-04-24
2250,2022-06-03,,C,2022-04-24
2275,2022-06-03,,C,2022-04-24
2300,2022-06-03,1472.7,C,2022-04-24
2325,2022-06-03,,C,2022-04-24
2350,2022-06-03,,C,2022-04-24
2375,2022-06-03,,C,2022-04-24
2400,2022-06-03,1373.0,C,2022-04-24
2425,2022-06-03,,C,2022-04-24
2450,2022-06-03,,C,2022-04-24
2475,2022-06-03,,C,2022-04-24
2500,2022-06-03,1273.6,C,2022-04-24
2525,2022-06-03,,C,2022-04-24
2550,2022-06-03,,C,2022-04-24
2575,2022-06-03,,C,2022-04-24
2600,2022-06-03,1174.3,C,2022-04-24
2625,2022-06-03,,C,2022-04-24
2650,2022-06-03,,C,2022-04-24
2675,2022-06-03,,C,2022-04-24
2700,2022-06-03,1075.4,C,2022-04-24
2725,2022-06-03,,C,2022-04-24
2750,2022-06-03,,C,2022-04-24
2775,2022-06-03,,C,2022-04-24
2800,2022-06-03,976.8,C,2022-04-24
2825,2022-06-03,952.2,C,2022-04-24
2850,2022-06-03,927.7,C,2022-04-24
2875,2022-06-03,903.2,C,2022-04-24
2900,2022-06-03,878.7,C,2022-04-24
2925,2022-06-03,854.3,C,2022-04-24
2950,2022-06-03,830.0,C,2022-04-24
2975,2022-06-03,805.7,C,2022-04-24
3000,2022-06-03,781.4,C,2022-04-24
3025,2022-06-03,757.3,C,2022-04-24
3050,2022-06-03,733.2,C,2022-04-24
3075,2022-06-03,709.1,C,2022-04-24
3100,2022-06-03,685.2,C,2022-04-24
3125,2022-06-03,661.4,C,2022-04-24
3150,2022-06-03,637.6,C,2022-04-24
3175,2022-06-03,614.0,C,2022-04-24
3200,2022-06-03,590.5,C,2022-04-24
3225,2022-06-03,567.1,C,2022-04-24
3250,2022-06-03,543.8,C,2022-04-24
3275,2022-06-03,520.8,C,2022-04-24
3300,2022-06-03,497.9,C,2022-04-24
3325,2022-06-03,475.1,C,2022-04-24
3350,2022-06-03,452.6,C,2022-04-24
3375,2022-06-03,430.3,C,2022-04-24
3400,2022-06-03,408.3,C,2022-04-24
3425,2022-06-03,386.5,C,2022-04-24
3450,2022-06-03,365.0,C,2022-04-24
3475,2022-06-03,343.8,C,2022-04-24
3500,2022-06-03,322.9,C,2022-04-24
3525,2022-06-03,302.4,C,2022-04-24
3550,2022-06-03,282.3,C,2022-04-24
3575,2022-06-03,262.6,C,2022-04-24
3600,2022-06-03,243.3,C,2022-04-24
3625,2022-06-03,224.5,C,2022-04-24
3650,2022-06-03,206.2,C,2022-04-24
3675,2022-06-03,188.3,C,2022-04-24
3700,2022-06-03,171.0,C,2022-04-24
3725,2022-06-03,154.3,C,2022-04-24
3750,2022-06-03,138.3,C,2022-04-24
3775,2022-06-03,122.9,C,2022-04-24
3800,2022-06-03,108.4,C,2022-04-24
3825,2022-06-03,94.6,C,2022-04-24
3850,2022-06-03,81.7,C,2022-04-24
3875,2022-06-03,69.7,C,2022-04-24
3900,2022-06-03,58.7,C,2022-04-24
3925,2022-06-03,48.9,C,2022-04-24
3950,2022-06-03,40.2,C,2022-04-24
3975,2022-06-03,32.6,C,2022-04-24
4000,2022-06-03,26.1,C,2022-04-24
4025,2022-06-03,20.5,C,2022-04-24
4050,2022-06-03,15.8,C,2022-04-24
4075,2022-06-03,12.0,C,2022-04-24
4100,2022-06-03,8.9,C,2022-04-24
4125,2022-06-03,7.1,C,2022-04-24
4150,2022-06-03,5.7,C,2022-04-24
4175,2022-06-03,4.5,C,2022-04-24
4200,2022-06-03,3.5,C,2022-04-24
4225,2022-06-03,2.7,C,2022-04-24
4250,2022-06-03,2.1,C,2022-04-24
4275,2022-06-03,1.6,C,2022-04-24
4300,2022-06-03,1.3,C,2022-04-24
4325,2022-06-03,1.0,C,2022-04-24
4350,2022-06-03,0.7,C,2022-04-24
4375,2022-06-03,0.5,C,2022-04-24
4400,2022-06-03,0.4,C,2022-04-24
4425,2022-06-03,0.3,C,2022-04-24
4450,2022-06-03,0.2,C,2022-04-24
4475,2022-06-03,0.2,C,2022-04-24
4500,2022-06-03,0.1,C,2022-04-24
4525,2022-06-03,0.1,C,2022-04-24
4550,2022-06-03,0.1,C,2022-04-24
4575,2022-06-03,0.1,C,2022-04-24
4600,2022-06-03,0.1,C,2022-04-24
4625,2022-06-03,0.1,C,2022-04-24
4650,2022-06-03,0.1,C,2022-04-24
4675,2022-06-03,0.1,C,2022-04-24
4700,2022-06-03,0.1,C,2022-04-24
4725,2022-06-03,0.1,C,2022-04-24
4750,2022-06-03,0.1,C,2022-04-24
4775,2022-06-03,0.1,C,2022-04-24
4800,2022-06-03,0.1,C,2022-04-24
4825,2022-06-03,0.1,C,2022-04-24
4850,2022-06-03,0.1,C,2022-04-24
4875,2022-06-03,0.1,C,2022-04-24
4900,2022-06-03,0.1,C,2022-04-24
4925,2022-06-03,0.1,C,2022-04-24
4950,2022-06-03,0.1,C,2022-04-24
4975,2022-06-03,,C,2022-04-24
5000,2022-06-03,0.1,C,2022-04-24
1000,2022-05-27,2774.5,C,2022-04-24
1050,2022-05-27,,C,2022-04-24
1100,2022-05-27,2674.5,C,2022-04-24
1150,2022-05-27,,C,2022-04-24
1200,2022-05-27,2574.4,C,2022-04-24
1250,2022-05-27,,C,2022-04-24
1300,2022-05-27,2474.4,C,2022-04-24
1350,2022-05-27,,C,2022-04-24
1400,2022-05-27,2374.3,C,2022-04-24
1450,2022-05-27,,C,2022-04-24
1500,2022-05-27,2274.3,C,2022-04-24
1550,2022-05-27,,C,2022-04-24
1600,2022-05-27,2174.2,C,2022-04-24
1650,2022-05-27,,C,2022-04-24
1700,2022-05-27,2074.2,C,2022-04-24
1750,2022-05-27,,C,2022-04-24
1800,2022-05-27,1974.1,C,2022-04-24
1850,2022-05-27,,C,2022-04-24
1900,2022-05-27,1874.2,C,2022-04-24
1950,2022-05-27,,C,2022-04-24
2000,2022-05-27,1774.2,C,2022-04-24
2025,2022-05-27,,C,2022-04-24
2050,2022-05-27,,C,2022-04-24
2075,2022-05-27,,C,2022-04-24
2100,2022-05-27,1674.3,C,2022-04-24
2125,2022-05-27,,C,2022-04-24
2150,2022-05-27,,C,2022-04-24
2175,2022-05-27,,C,2022-04-24
2200,2022-05-27,1574.4,C,2022-04-24
2225,2022-05-27,,C,2022-04-24
2250,2022-05-27,,C,2022-04-24
2275,2022-05-27,,C,2022-04-24
2300,2022-05-27,1474.6,C,2022-04-24
2325,2022-05-27,,C,2022-04-24
2350,2022-05-27,,C,2022-04-24
2375,2022-05-27,,C,2022-04-24
2400,2022-05-27,1374.9,C,2022-04-24
2425,2022-05-27,,C,2022-04-24
2450,2022-05-27,,C,2022-04-24
2475,2022-05-27,,C,2022-04-24
2500,2022-05-27,1275.3,C,2022-04-24
2525,2022-05-27,,C,2022-04-24
2550,2022-05-27,,C,2022-04-24
2575,2022-05-27,,C,2022-04-24
2600,2022-05-27,1175.8,C,2022-04-24
2625,2022-05-27,,C,2022-04-24
2650,2022-05-27,,C,2022-04-24
2675,2022-05-27,,C,2022-04-24
2700,2022-05-27,1076.6,C,2022-04-24
2725,2022-05-27,,C,2022-04-24
2750,2022-05-27,,C,2022-04-24
2775,2022-05-27,,C,2022-04-24
2800,2022-05-27,977.6,C,2022-04-24
2825,2022-05-27,952.9,C,2022-04-24
2850,2022-05-27,928.2,C,2022-04-24
2875,2022-05-27,903.6,C,2022-04-24
2900,2022-05-27,878.9,C,2022-04-24
2925,2022-05-27,854.3,C,2022-04-24
2950,2022-05-27,829.7,C,2022-04-24
2975,2022-05-27,805.1,C,2022-04-24
3000,2022-05-27,780.6,C,2022-04-24
3025,2022-05-27,756.1,C,2022-04-24
3050,2022-05-27,731.6,C,2022-04-24
3075,2022-05-27,707.3,C,2022-04-24
3100,2022-05-27,682.9,C,2022-04-24
3125,2022-05-27,658.7,C,2022-04-24
3150,2022-05-27,634.5,C,2022-04-24
3175,2022-05-27,610.5,C,2022-04-24
3200,2022-05-27,586.5,C,2022-04-24
3225,2022-05-27,562.8,C,2022-04-24
3250,2022-05-27,539.1,C,2022-04-24
3275,2022-05-27,515.7,C,2022-04-24
3300,2022-05-27,492.5,C,2022-04-24
3325,2022-05-27,469.4,C,2022-04-24
3350,2022-05-27,446.6,C,2022-04-24
3375,2022-05-27,424.0,C,2022-04-24
3400,2022-05-27,401.7,C,2022-04-24
3425,2022-05-27,379.6,C,2022-04-24
3450,2022-05-27,357.9,C,2022-04-24
3475,2022-05-27,336.6,C,2022-04-24
3500,2022-05-27,315.6,C,2022-04-24
3525,2022-05-27,295.0,C,2022-04-24
3550,2022-05-27,274.8,C,2022-04-24
3575,2022-05-27,254.9,C,2022-04-24
3600,2022-05-27,235.5,C,2022-04-24
3625,2022-05-27,216.5,C,2022-04-24
3650,2022-05-27,197.9,C,2022-04-24
3675,2022-05-27,180.0,C,2022-04-24
3700,2022-05-27,162.7,C,2022-04-24
3725,2022-05-27,146.0,C,2022-04-24
3750,2022-05-27,130.1,C,2022-04-24
3775,2022-05-27,115.0,C,2022-04-24
3800,2022-05-27,100.7,C,2022-04-24
3825,2022-05-27,87.3,C,2022-04-24
3850,2022-05-27,74.8,C,2022-04-24
3875,2022-05-27,63.3,C,2022-04-24
3900,2022-05-27,52.7,C,2022-04-24
3925,2022-05-27,43.2,C,2022-04-24
3950,2022-05-27,34.8,C,2022-04-24
3975,2022-05-27,27.5,C,2022-04-24
4000,2022-05-27,21.2,C,2022-04-24
4025,2022-05-27,16.2,C,2022-04-24
4050,2022-05-27,12.3,C,2022-04-24
4075,2022-05-27,9.4,C,2022-04-24
4100,2022-05-27,7.2,C,2022-04-24
4125,2022-05-27,5.6,C,2022-04-24
4150,2022-05-27,4.4,C,2022-04-24
4175,2022-05-27,3.4,C,2022-04-24
4200,2022-05-27,2.7,C,2022-04-24
4225,2022-05-27,2.0,C,2022-04-24
4250,2022-05-27,1.5,C,2022-04-24
4275,2022-05-27,1.2,C,2022-04-24
4300,2022-05-27,0.9,C,2022-04-24
4325,2022-05-27,0.6,C,2022-04-24
4350,2022-05-27,0.5,C,2022-04-24
4375,2022-05-27,0.3,C,2022-04-24
4400,2022-05-27,0.3,C,2022-04-24
4425,2022-05-27,0.2,C,2022-04-24
4450,2022-05-27,0.1,C,2022-04-24
4475,2022-05-27,0.1,C,2022-04-24
4500,2022-05-27,0.1,C,2022-04-24
4525,2022-05-27,0.1,C,2022-04-24
4550,2022-05-27,0.1,C,2022-04-24
4575,2022-05-27,0.1,C,2022-04-24
4600,2022-05-27,0.1,C,2022-04-24
4625,2022-05-27,0.1,C,2022-04-24
4650,2022-05-27,0.1,C,2022-04-24
4675,2022-05-27,0.1,C,2022-04-24
4700,2022-05-27,0.1,C,2022-04-24
4725,2022-05-27,0.1,C,2022-04-24
4750,2022-05-27,0.1,C,2022-04-24
4775,2022-05-27,0.1,C,2022-04-24
4800,2022-05-27,0.1,C,2022-04-24
4825,2022-05-27,0.1,C,2022-04-24
4850,2022-05-27,0.1,C,2022-04-24
4875,2022-05-27,0.1,C,2022-04-24
4900,2022-05-27,0.1,C,2022-04-24
4925,2022-05-27,0.1,C,2022-04-24
4950,2022-05-27,0.1,C,2022-04-24
4975,2022-05-27,0.1,C,2022-04-24
5000,2022-05-27,0.1,C,2022-04-24
1000,2022-05-20,2783.0,C,2022-04-24
1050,2022-05-20,2733.0,C,2022-04-24
1100,2022-05-20,2682.9,C,2022-04-24
1150,2022-05-20,2632.9,C,2022-04-24
1200,2022-05-20,2582.9,C,2022-04-24
1250,2022-05-20,2532.9,C,2022-04-24
1300,2022-05-20,2482.8,C,2022-04-24
1350,2022-05-20,2432.8,C,2022-04-24
1400,2022-05-20,2382.8,C,2022-04-24
1450,2022-05-20,2332.8,C,2022-04-24
1500,2022-05-20,2282.8,C,2022-04-24
1550,2022-05-20,2232.7,C,2022-04-24
1600,2022-05-20,2182.7,C,2022-04-24
1650,2022-05-20,2132.7,C,2022-04-24
1700,2022-05-20,2082.7,C,2022-04-24
1750,2022-05-20,2032.6,C,2022-04-24
1800,2022-05-20,1982.6,C,2022-04-24
1850,2022-05-20,1932.6,C,2022-04-24
1900,2022-05-20,1882.6,C,2022-04-24
1950,2022-05-20,1832.6,C,2022-04-24
2000,2022-05-20,1782.6,C,2022-04-24
2025,2022-05-20,1757.6,C,2022-04-24
2050,2022-05-20,1732.6,C,2022-04-24
2075,2022-05-20,1707.6,C,2022-04-24
2100,2022-05-20,1682.6,C,2022-04-24
2125,2022-05-20,1657.6,C,2022-04-24
2150,2022-05-20,1632.6,C,2022-04-24
2175,2022-05-20,1607.6,C,2022-04-24
2200,2022-05-20,1582.6,C,2022-04-24
2225,2022-05-20,1557.7,C,2022-04-24
2250,2022-05-20,1532.7,C,2022-04-24
2275,2022-05-20,1507.7,C,2022-04-24
2300,2022-05-20,1482.7,C,2022-04-24
2325,2022-05-20,1457.7,C,2022-04-24
2350,2022-05-20,1432.8,C,2022-04-24
2375,2022-05-20,1407.8,C,2022-04-24
2400,2022-05-20,1382.8,C,2022-04-24
2425,2022-05-20,1357.9,C,2022-04-24
2450,2022-05-20,1332.9,C,2022-04-24
2475,2022-05-20,1308.0,C,2022-04-24
2500,2022-05-20,1283.0,C,2022-04-24
2525,2022-05-20,1258.1,C,2022-04-24
2550,2022-05-20,1233.2,C,2022-04-24
2575,2022-05-20,1208.2,C,2022-04-24
2600,2022-05-20,1183.3,C,2022-04-24
2625,2022-05-20,1158.4,C,2022-04-24
2650,2022-05-20,1133.5,C,2022-04-24
2675,2022-05-20,1108.6,C,2022-04-24
2700,2022-05-20,1083.8,C,2022-04-24
2725,2022-05-20,1058.9,C,2022-04-24
2750,2022-05-20,1034.1,C,2022-04-24
2775,2022-05-20,1009.2,C,2022-04-24
2800,2022-05-20,984.4,C,2022-04-24
2825,2022-05-20,959.6,C,2022-04-24
2850,2022-05-20,934.8,C,2022-04-24
2875,2022-05-20,910.1,C,2022-04-24
2900,2022-05-20,885.3,C,2022-04-24
2925,2022-05-20,860.6,C,2022-04-24
2950,2022-05-20,835.9,C,2022-04-24
2975,2022-05-20,811.3,C,2022-04-24
3000,2022-05-20,786.6,C,2022-04-24
3025,2022-05-20,762.1,C,2022-04-24
3050,2022-05-20,737.5,C,2022-04-24
3075,2022-05-20,713.0,C,2022-04-24
3100,2022-05-20,688.6,C,2022-04-24
3125,2022-05-20,664.2,C,2022-04-24
3150,2022-05-20,639.9,C,2022-04-24
3175,2022-05-20,615.7,C,2022-04-24
3200,2022-05-20,591.6,C,2022-04-24
3225,2022-05-20,567.5,C,2022-04-24
3250,2022-05-20,543.6,C,2022-04-24
3275,2022-05-20,519.9,C,2022-04-24
3300,2022-05-20,496.3,C,2022-04-24
3325,2022-05-20,472.8,C,2022-04-24
3350,2022-05-20,449.6,C,2022-04-24
3375,2022-05-20,426.6,C,2022-04-24
3400,2022-05-20,403.8,C,2022-04-24
3425,2022-05-20,381.3,C,2022-04-24
3450,2022-05-20,359.0,C,2022-04-24
3475,2022-05-20,337.1,C,2022-04-24
3500,2022-05-20,315.5,C,2022-04-24
3525,2022-05-20,294.2,C,2022-04-24
3550,2022-05-20,273.4,C,2022-04-24
3575,2022-05-20,253.0,C,2022-04-24
3600,2022-05-20,233.2,C,2022-04-24
3625,2022-05-20,213.9,C,2022-04-24
3650,2022-05-20,195.2,C,2022-04-24
3675,2022-05-20,177.2,C,2022-04-24
3700,2022-05-20,159.8,C,2022-04-24
3725,2022-05-20,143.1,C,2022-04-24
3750,2022-05-20,127.0,C,2022-04-24
3775,2022-05-20,110.2,C,2022-04-24
3800,2022-05-20,93.7,C,2022-04-24
3825,2022-05-20,79.4,C,2022-04-24
3850,2022-05-20,66.9,C,2022-04-24
3875,2022-05-20,55.7,C,2022-04-24
3900,2022-05-20,45.8,C,2022-04-24
3925,2022-05-20,37.3,C,2022-04-24
3950,2022-05-20,29.9,C,2022-04-24
3975,2022-05-20,23.7,C,2022-04-24
4000,2022-05-20,18.4,C,2022-04-24
4025,2022-05-20,14.0,C,2022-04-24
4050,2022-05-20,10.3,C,2022-04-24
4075,2022-05-20,7.5,C,2022-04-24
4100,2022-05-20,5.3,C,2022-04-24
4125,2022-05-20,3.8,C,2022-04-24
4150,2022-05-20,2.8,C,2022-04-24
4175,2022-05-20,2.1,C,2022-04-24
4200,2022-05-20,1.7,C,2022-04-24
4225,2022-05-20,1.4,C,2022-04-24
4250,2022-05-20,1.1,C,2022-04-24
4275,2022-05-20,0.9,C,2022-04-24
4300,2022-05-20,0.7,C,2022-04-24
4325,2022-05-20,0.6,C,2022-04-24
4350,2022-05-20,0.5,C,2022-04-24
4375,2022-05-20,0.4,C,2022-04-24
4400,2022-05-20,0.3,C,2022-04-24
4425,2022-05-20,0.2,C,2022-04-24
4450,2022-05-20,0.2,C,2022-04-24
4475,2022-05-20,0.1,C,2022-04-24
4500,2022-05-20,0.1,C,2022-04-24
4525,2022-05-20,0.1,C,2022-04-24
4550,2022-05-20,0.1,C,2022-04-24
4575,2022-05-20,0.1,C,2022-04-24
4600,2022-05-20,0.1,C,2022-04-24
4625,2022-05-20,0.1,C,2022-04-24
4650,2022-05-20,0.1,C,2022-04-24
4675,2022-05-20,0.1,C,2022-04-24
4700,2022-05-20,0.1,C,2022-04-24
4725,2022-05-20,0.1,C,2022-04-24
4750,2022-05-20,0.1,C,2022-04-24
4775,2022-05-20,0.1,C,2022-04-24
4800,2022-05-20,0.1,C,2022-04-24
4825,2022-05-20,0.1,C,2022-04-24
4850,2022-05-20,0.1,C,2022-04-24
4875,2022-05-20,0.1,C,2022-04-24
4900,2022-05-20,0.1,C,2022-04-24
4925,2022-05-20,0.1,C,2022-04-24
4950,2022-05-20,0.1,C,2022-04-24
4975,2022-05-20,0.1,C,2022-04-24
5000,2022-05-20,0.1,C,2022-04-24
1000,2022-05-13,2790.6,C,2022-04-24
1050,2022-05-13,,C,2022-04-24
1100,2022-05-13,2690.6,C,2022-04-24
1150,2022-05-13,,C,2022-04-24
1200,2022-05-13,2590.5,C,2022-04-24
1250,2022-05-13,,C,2022-04-24
1300,2022-05-13,2490.5,C,2022-04-24
1350,2022-05-13,,C,2022-04-24
1400,2022-05-13,2390.5,C,2022-04-24
1450,2022-05-13,,C,2022-04-24
1500,2022-05-13,2290.4,C,2022-04-24
1550,2022-05-13,,C,2022-04-24
1600,2022-05-13,2190.4,C,2022-04-24
1650,2022-05-13,,C,2022-04-24
1700,2022-05-13,2090.4,C,2022-04-24
1750,2022-05-13,,C,2022-04-24
1800,2022-05-13,1990.3,C,2022-04-24
1850,2022-05-13,,C,2022-04-24
1900,2022-05-13,1890.3,C,2022-04-24
1950,2022-05-13,,C,2022-04-24
2000,2022-05-13,1790.3,C,2022-04-24
2025,2022-05-13,,C,2022-04-24
2050,2022-05-13,,C,2022-04-24
2075,2022-05-13,,C,2022-04-24
2100,2022-05-13,1690.3,C,2022-04-24
2125,2022-05-13,,C,2022-04-24
2150,2022-05-13,,C,2022-04-24
2175,2022-05-13,,C,2022-04-24
2200,2022-05-13,1590.3,C,2022-04-24
2225,2022-05-13,,C,2022-04-24
2250,2022-05-13,,C,2022-04-24
2275,2022-05-13,,C,2022-04-24
2300,2022-05-13,1490.3,C,2022-04-24
2325,2022-05-13,,C,2022-04-24
2350,2022-05-13,,C,2022-04-24
2375,2022-05-13,,C,2022-04-24
2400,2022-05-13,1390.4,C,2022-04-24
2425,2022-05-13,,C,2022-04-24
2450,2022-05-13,,C,2022-04-24
2475,2022-05-13,,C,2022-04-24
2500,2022-05-13,1290.5,C,2022-04-24
2525,2022-05-13,,C,2022-04-24
2550,2022-05-13,,C,2022-04-24
2575,2022-05-13,,C,2022-04-24
2600,2022-05-13,1190.6,C,2022-04-24
2625,2022-05-13,,C,2022-04-24
2650,2022-05-13,1140.8,C,2022-04-24
2675,2022-05-13,1115.8,C,2022-04-24
2700,2022-05-13,1090.9,C,2022-04-24
2725,2022-05-13,1066.0,C,2022-04-24
2750,2022-05-13,1041.1,C,2022-04-24
2775,2022-05-13,1016.2,C,2022-04-24
2800,2022-05-13,991.3,C,2022-04-24
2825,2022-05-13,966.4,C,2022-04-24
2850,2022-05-13,941.6,C,2022-04-24
2875,2022-05-13,916.7,C,2022-04-24
2900,2022-05-13,891.9,C,2022-04-24
2925,2022-05-13,867.1,C,2022-04-24
2950,2022-05-13,842.3,C,2022-04-24
2975,2022-05-13,817.5,C,2022-04-24
3000,2022-05-13,792.8,C,2022-04-24
3025,2022-05-13,768.1,C,2022-04-24
3050,2022-05-13,743.4,C,2022-04-24
3075,2022-05-13,718.8,C,2022-04-24
3100,2022-05-13,694.2,C,2022-04-24
3125,2022-05-13,669.7,C,2022-04-24
3150,2022-05-13,645.2,C,2022-04-24
3175,2022-05-13,620.7,C,2022-04-24
3200,2022-05-13,596.4,C,2022-04-24
3225,2022-05-13,572.0,C,2022-04-24
3250,2022-05-13,547.8,C,2022-04-24
3275,2022-05-13,523.5,C,2022-04-24
3300,2022-05-13,499.4,C,2022-04-24
3325,2022-05-13,475.3,C,2022-04-24
3350,2022-05-13,451.4,C,2022-04-24
3375,2022-05-13,427.7,C,2022-04-24
3400,2022-05-13,404.2,C,2022-04-24
3425,2022-05-13,381.0,C,2022-04-24
3450,2022-05-13,358.2,C,2022-04-24
3475,2022-05-13,335.9,C,2022-04-24
3500,2022-05-13,314.0,C,2022-04-24
3525,2022-05-13,292.5,C,2022-04-24
3550,2022-05-13,271.4,C,2022-04-24
3575,2022-05-13,250.7,C,2022-04-24
3600,2022-05-13,230.2,C,2022-04-24
3625,2022-05-13,210.1,C,2022-04-24
3650,2022-05-13,190.5,C,2022-04-24
3675,2022-05-13,171.5,C,2022-04-24
3700,2022-05-13,153.1,C,2022-04-24
3725,2022-05-13,135.4,C,2022-04-24
3750,2022-05-13,118.6,C,2022-04-24
3775,2022-05-13,102.6,C,2022-04-24
3800,2022-05-13,87.6,C,2022-04-24
3825,2022-05-13,73.7,C,2022-04-24
3850,2022-05-13,60.9,C,2022-04-24
3875,2022-05-13,49.4,C,2022-04-24
3900,2022-05-13,39.2,C,2022-04-24
3925,2022-05-13,30.4,C,2022-04-24
3950,2022-05-13,23.0,C,2022-04-24
3975,2022-05-13,17.0,C,2022-04-24
4000,2022-05-13,12.3,C,2022-04-24
4025,2022-05-13,8.8,C,2022-04-24
4050,2022-05-13,6.3,C,2022-04-24
4075,2022-05-13,4.5,C,2022-04-24
4100,2022-05-13,3.2,C,2022-04-24
4125,2022-05-13,2.3,C,2022-04-24
4150,2022-05-13,1.7,C,2022-04-24
4175,2022-05-13,1.2,C,2022-04-24
4200,2022-05-13,0.9,C,2022-04-24
4225,2022-05-13,0.7,C,2022-04-24
4250,2022-05-13,0.6,C,2022-04-24
4275,2022-05-13,0.4,C,2022-04-24
4300,2022-05-13,0.4,C,2022-04-24
4325,2022-05-13,0.3,C,2022-04-24
4350,2022-05-13,0.3,C,2022-04-24
4375,2022-05-13,0.2,C,2022-04-24
4400,2022-05-13,0.2,C,2022-04-24
4425,2022-05-13,0.2,C,2022-04-24
4450,2022-05-13,0.2,C,2022-04-24
4475,2022-05-13,0.1,C,2022-04-24
4500,2022-05-13,0.1,C,2022-04-24
4525,2022-05-13,0.1,C,2022-04-24
4550,2022-05-13,0.1,C,2022-04-24
4575,2022-05-13,0.1,C,2022-04-24
4600,2022-05-13,0.1,C,2022-04-24
4625,2022-05-13,0.1,C,2022-04-24
4650,2022-05-13,0.1,C,2022-04-24
4675,2022-05-13,0.1,C,2022-04-24
4700,2022-05-13,0.1,C,2022-04-24
4725,2022-05-13,0.1,C,2022-04-24
4750,2022-05-13,0.1,C,2022-04-24
4775,2022-05-13,0.1,C,2022-04-24
4800,2022-05-13,0.1,C,2022-04-24
4825,2022-05-13,0.1,C,2022-04-24
4850,2022-05-13,0.1,C,2022-04-24
4875,2022-05-13,0.1,C,2022-04-24
4900,2022-05-13,0.1,C,2022-04-24
4925,2022-05-13,0.1,C,2022-04-24
4950,2022-05-13,0.1,C,2022-04-24
4975,2022-05-13,0.1,C,2022-04-24
5000,2022-05-13,0.1,C,2022-04-24
1000,2022-05-06,2800.2,C,2022-04-24
1050,2022-05-06,,C,2022-04-24
1100,2022-05-06,2700.2,C,2022-04-24
1150,2022-05-06,,C,2022-04-24
1200,2022-05-06,2600.2,C,2022-04-24
1250,2022-05-06,,C,2022-04-24
1300,2022-05-06,2500.1,C,2022-04-24
1350,2022-05-06,,C,2022-04-24
1400,2022-05-06,2400.1,C,2022-04-24
1450,2022-05-06,,C,2022-04-24
1500,2022-05-06,2300.1,C,2022-04-24
1550,2022-05-06,,C,2022-04-24
1600,2022-05-06,2200.1,C,2022-04-24
1650,2022-05-06,,C,2022-04-24
1700,2022-05-06,2100.0,C,2022-04-24
1750,2022-05-06,,C,2022-04-24
1800,2022-05-06,2000.0,C,2022-04-24
1850,2022-05-06,,C,2022-04-24
1900,2022-05-06,1900.0,C,2022-04-24
1950,2022-05-06,,C,2022-04-24
2000,2022-05-06,1800.0,C,2022-04-24
2025,2022-05-06,,C,2022-04-24
2050,2022-05-06,,C,2022-04-24
2075,2022-05-06,,C,2022-04-24
2100,2022-05-06,1700.0,C,2022-04-24
2125,2022-05-06,,C,2022-04-24
2150,2022-05-06,,C,2022-04-24
2175,2022-05-06,,C,2022-04-24
2200,2022-05-06,1599.9,C,2022-04-24
2225,2022-05-06,,C,2022-04-24
2250,2022-05-06,,C,2022-04-24
2275,2022-05-06,,C,2022-04-24
2300,2022-05-06,1499.9,C,2022-04-24
2325,2022-05-06,,C,2022-04-24
2350,2022-05-06,,C,2022-04-24
2375,2022-05-06,,C,2022-04-24
2400,2022-05-06,1399.9,C,2022-04-24
2425,2022-05-06,,C,2022-04-24
2450,2022-05-06,,C,2022-04-24
2475,2022-05-06,,C,2022-04-24
2500,2022-05-06,1300.0,C,2022-04-24
2525,2022-05-06,1275.0,C,2022-04-24
2550,2022-05-06,1250.0,C,2022-04-24
2575,2022-05-06,1225.0,C,2022-04-24
2600,2022-05-06,1200.0,C,2022-04-24
2625,2022-05-06,1175.1,C,2022-04-24
2650,2022-05-06,1150.1,C,2022-04-24
2675,2022-05-06,1125.1,C,2022-04-24
2700,2022-05-06,1100.1,C,2022-04-24
2725,2022-05-06,1075.2,C,2022-04-24
2750,2022-05-06,1050.2,C,2022-04-24
2775,2022-05-06,1025.2,C,2022-04-24
2800,2022-05-06,1000.3,C,2022-04-24
2825,2022-05-06,975.3,C,2022-04-24
2850,2022-05-06,950.4,C,2022-04-24
2875,2022-05-06,925.4,C,2022-04-24
2900,2022-05-06,900.5,C,2022-04-24
2925,2022-05-06,875.6,C,2022-04-24
2950,2022-05-06,850.7,C,2022-04-24
2975,2022-05-06,825.8,C,2022-04-24
3000,2022-05-06,800.9,C,2022-04-24
3025,2022-05-06,776.0,C,2022-04-24
3050,2022-05-06,751.2,C,2022-04-24
3075,2022-05-06,726.4,C,2022-04-24
3100,2022-05-06,701.5,C,2022-04-24
3125,2022-05-06,676.8,C,2022-04-24
3150,2022-05-06,652.0,C,2022-04-24
3175,2022-05-06,627.3,C,2022-04-24
3200,2022-05-06,602.6,C,2022-04-24
3225,2022-05-06,578.0,C,2022-04-24
3250,2022-05-06,553.4,C,2022-04-24
3275,2022-05-06,528.9,C,2022-04-24
3300,2022-05-06,504.5,C,2022-04-24
3325,2022-05-06,480.1,C,2022-04-24
3350,2022-05-06,455.8,C,2022-04-24
3375,2022-05-06,431.7,C,2022-04-24
3400,2022-05-06,407.7,C,2022-04-24
3425,2022-05-06,383.8,C,2022-04-24
3450,2022-05-06,360.2,C,2022-04-24
3475,2022-05-06,336.7,C,2022-04-24
3500,2022-05-06,313.5,C,2022-04-24
3525,2022-05-06,290.6,C,2022-04-24
3550,2022-05-06,268.4,C,2022-04-24
3575,2022-05-06,246.6,C,2022-04-24
3600,2022-05-06,225.5,C,2022-04-24
3625,2022-05-06,205.0,C,2022-04-24
3650,2022-05-06,184.9,C,2022-04-24
3675,2022-05-06,165.4,C,2022-04-24
3700,2022-05-06,146.3,C,2022-04-24
3725,2022-05-06,127.8,C,2022-04-24
3750,2022-05-06,110.2,C,2022-04-24
3775,2022-05-06,93.6,C,2022-04-24
3800,2022-05-06,78.1,C,2022-04-24
3825,2022-05-06,63.9,C,2022-04-24
3850,2022-05-06,51.0,C,2022-04-24
3875,2022-05-06,39.5,C,2022-04-24
3900,2022-05-06,29.7,C,2022-04-24
3925,2022-05-06,21.6,C,2022-04-24
3950,2022-05-06,15.5,C,2022-04-24
3975,2022-05-06,10.8,C,2022-04-24
4000,2022-05-06,7.4,C,2022-04-24
4025,2022-05-06,4.9,C,2022-04-24
4050,2022-05-06,3.3,C,2022-04-24
4075,2022-05-06,2.2,C,2022-04-24
4100,2022-05-06,1.6,C,2022-04-24
4125,2022-05-06,1.1,C,2022-04-24
4150,2022-05-06,0.8,C,2022-04-24
4175,2022-05-06,0.7,C,2022-04-24
4200,2022-05-06,0.5,C,2022-04-24
4225,2022-05-06,0.5,C,2022-04-24
4250,2022-05-06,0.4,C,2022-04-24
4275,2022-05-06,0.4,C,2022-04-24
4300,2022-05-06,0.3,C,2022-04-24
4325,2022-05-06,0.2,C,2022-04-24
4350,2022-05-06,0.1,C,2022-04-24
4375,2022-05-06,0.1,C,2022-04-24
4400,2022-05-06,0.1,C,2022-04-24
4425,2022-05-06,0.1,C,2022-04-24
4450,2022-05-06,0.1,C,2022-04-24
4475,2022-05-06,0.1,C,2022-04-24
4500,2022-05-06,0.1,C,2022-04-24
4525,2022-05-06,0.1,C,2022-04-24
4550,2022-05-06,0.1,C,2022-04-24
4575,2022-05-06,0.1,C,2022-04-24
4600,2022-05-06,0.1,C,2022-04-24
4625,2022-05-06,0.1,C,2022-04-24
4650,2022-05-06,0.1,C,2022-04-24
4675,2022-05-06,0.1,C,2022-04-24
4700,2022-05-06,0.1,C,2022-04-24
4725,2022-05-06,0.1,C,2022-04-24
4750,2022-05-06,0.1,C,2022-04-24
4775,2022-05-06,0.1,C,2022-04-24
4800,2022-05-06,0.1,C,2022-04-24
4825,2022-05-06,0.1,C,2022-04-24
4850,2022-05-06,0.1,C,2022-04-24
4875,2022-05-06,0.1,C,2022-04-24
4900,2022-05-06,0.1,C,2022-04-24
4925,2022-05-06,0.1,C,2022-04-24
4950,2022-05-06,0.1,C,2022-04-24
4975,2022-05-06,0.1,C,2022-04-24
5000,2022-05-06,0.1,C,2022-04-24
1000,2022-05-06,0.1,P,2022-04-24
1050,2022-05-06,,P,2022-04-24
1100,2022-05-06,0.1,P,2022-04-24
1150,2022-05-06,,P,2022-04-24
1200,2022-05-06,0.1,P,2022-04-24
1250,2022-05-06,,P,2022-04-24
1300,2022-05-06,0.1,P,2022-04-24
1350,2022-05-06,,P,2022-04-24
1400,2022-05-06,0.1,P,2022-04-24
1450,2022-05-06,,P,2022-04-24
1500,2022-05-06,0.1,P,2022-04-24
1550,2022-05-06,,P,2022-04-24
1600,2022-05-06,0.1,P,2022-04-24
1650,2022-05-06,,P,2022-04-24
1700,2022-05-06,0.1,P,2022-04-24
1750,2022-05-06,,P,2022-04-24
1800,2022-05-06,0.1,P,2022-04-24
1850,2022-05-06,,P,2022-04-24
1900,2022-05-06,0.1,P,2022-04-24
1950,2022-05-06,,P,2022-04-24
2000,2022-05-06,0.1,P,2022-04-24
2025,2022-05-06,,P,2022-04-24
2050,2022-05-06,,P,2022-04-24
2075,2022-05-06,,P,2022-04-24
2100,2022-05-06,0.1,P,2022-04-24
2125,2022-05-06,,P,2022-04-24
2150,2022-05-06,,P,2022-04-24
2175,2022-05-06,,P,2022-04-24
2200,2022-05-06,0.1,P,2022-04-24
2225,2022-05-06,,P,2022-04-24
2250,2022-05-06,,P,2022-04-24
2275,2022-05-06,,P,2022-04-24
2300,2022-05-06,0.1,P,2022-04-24
2325,2022-05-06,,P,2022-04-24
2350,2022-05-06,,P,2022-04-24
2375,2022-05-06,,P,2022-04-24
2400,2022-05-06,0.1,P,2022-04-24
2425,2022-05-06,,P,2022-04-24
2450,2022-05-06,,P,2022-04-24
2475,2022-05-06,,P,2022-04-24
2500,2022-05-06,0.1,P,2022-04-24
2525,2022-05-06,0.1,P,2022-04-24
2550,2022-05-06,0.2,P,2022-04-24
2575,2022-05-06,0.2,P,2022-04-24
2600,2022-05-06,0.2,P,2022-04-24
2625,2022-05-06,0.2,P,2022-04-24
2650,2022-05-06,0.2,P,2022-04-24
2675,2022-05-06,0.3,P,2022-04-24
2700,2022-05-06,0.3,P,2022-04-24
2725,2022-05-06,0.3,P,2022-04-24
2750,2022-05-06,0.4,P,2022-04-24
2775,2022-05-06,0.4,P,2022-04-24
2800,2022-05-06,0.5,P,2022-04-24
2825,2022-05-06,0.5,P,2022-04-24
2850,2022-05-06,0.6,P,2022-04-24
2875,2022-05-06,0.7,P,2022-04-24
2900,2022-05-06,0.7,P,2022-04-24
2925,2022-05-06,0.8,P,2022-04-24
2950,2022-05-06,0.9,P,2022-04-24
2975,2022-05-06,1.0,P,2022-04-24
3000,2022-05-06,1.2,P,2022-04-24
3025,2022-05-06,1.3,P,2022-04-24
3050,2022-05-06,1.4,P,2022-04-24
3075,2022-05-06,1.6,P,2022-04-24
3100,2022-05-06,1.8,P,2022-04-24
3125,2022-05-06,2.0,P,2022-04-24
3150,2022-05-06,2.3,P,2022-04-24
3175,2022-05-06,2.6,P,2022-04-24
3200,2022-05-06,2.9,P,2022-04-24
3225,2022-05-06,3.3,P,2022-04-24
3250,2022-05-06,3.7,P,2022-04-24
3275,2022-05-06,4.2,P,2022-04-24
3300,2022-05-06,4.8,P,2022-04-24
3325,2022-05-06,5.4,P,2022-04-24
3350,2022-05-06,6.2,P,2022-04-24
3375,2022-05-06,7.0,P,2022-04-24
3400,2022-05-06,8.0,P,2022-04-24
3425,2022-05-06,9.2,P,2022-04-24
3450,2022-05-06,10.5,P,2022-04-24
3475,2022-05-06,12.1,P,2022-04-24
3500,2022-05-06,13.8,P,2022-04-24
3525,2022-05-06,16.0,P,2022-04-24
3550,2022-05-06,18.7,P,2022-04-24
3575,2022-05-06,22.0,P,2022-04-24
3600,2022-05-06,25.9,P,2022-04-24
3625,2022-05-06,30.3,P,2022-04-24
3650,2022-05-06,35.3,P,2022-04-24
3675,2022-05-06,40.8,P,2022-04-24
3700,2022-05-06,46.7,P,2022-04-24
3725,2022-05-06,53.2,P,2022-04-24
3750,2022-05-06,60.6,P,2022-04-24
3775,2022-05-06,69.0,P,2022-04-24
3800,2022-05-06,78.6,P,2022-04-24
3825,2022-05-06,89.3,P,2022-04-24
3850,2022-05-06,101.4,P,2022-04-24
3875,2022-05-06,115.0,P,2022-04-24
3900,2022-05-06,130.1,P,2022-04-24
3925,2022-05-06,147.1,P,2022-04-24
3950,2022-05-06,165.9,P,2022-04-24
3975,2022-05-06,186.3,P,2022-04-24
4000,2022-05-06,207.9,P,2022-04-24
4025,2022-05-06,230.4,P,2022-04-24
4050,2022-05-06,253.8,P,2022-04-24
4075,2022-05-06,277.7,P,2022-04-24
4100,2022-05-06,302.0,P,2022-04-24
4125,2022-05-06,326.6,P,2022-04-24
4150,2022-05-06,351.3,P,2022-04-24
4175,2022-05-06,376.2,P,2022-04-24
4200,2022-05-06,401.1,P,2022-04-24
4225,2022-05-06,426.0,P,2022-04-24
4250,2022-05-06,451.0,P,2022-04-24
4275,2022-05-06,475.9,P,2022-04-24
4300,2022-05-06,500.8,P,2022-04-24
4325,2022-05-06,525.8,P,2022-04-24
4350,2022-05-06,550.7,P,2022-04-24
4375,2022-05-06,575.6,P,2022-04-24
4400,2022-05-06,600.6,P,2022-04-24
4425,2022-05-06,625.6,P,2022-04-24
4450,2022-05-06,650.6,P,2022-04-24
4475,2022-05-06,675.6,P,2022-04-24
4500,2022-05-06,700.6,P,2022-04-24
4525,2022-05-06,725.6,P,2022-04-24
4550,2022-05-06,750.6,P,2022-04-24
4575,2022-05-06,775.6,P,2022-04-24
4600,2022-05-06,800.6,P,2022-04-24
4625,2022-05-06,825.6,P,2022-04-24
4650,2022-05-06,850.6,P,2022-04-24
4675,2022-05-06,875.6,P,2022-04-24
4700,2022-05-06,900.6,P,2022-04-24
4725,2022-05-06,925.6,P,2022-04-24
4750,2022-05-06,950.6,P,2022-04-24
4775,2022-05-06,975.6,P,2022-04-24
4800,2022-05-06,1000.7,P,2022-04-24
4825,2022-05-06,1025.7,P,2022-04-24
4850,2022-05-06,1050.7,P,2022-04-24
4875,2022-05-06,1075.7,P,2022-04-24
4900,2022-05-06,1100.7,P,2022-04-24
4925,2022-05-06,1125.7,P,2022-04-24
4950,2022-05-06,1150.7,P,2022-04-24
4975,2022-05-06,1175.7,P,2022-04-24
5000,2022-05-06,1200.7,P,2022-04-24
1000,2022-05-13,0.1,P,2022-04-24
1050,2022-05-13,,P,2022-04-24
1100,2022-05-13,0.1,P,2022-04-24
1150,2022-05-13,,P,2022-04-24
1200,2022-05-13,0.1,P,2022-04-24
1250,2022-05-13,,P,2022-04-24
1300,2022-05-13,0.1,P,2022-04-24
1350,2022-05-13,,P,2022-04-24
1400,2022-05-13,0.1,P,2022-04-24
1450,2022-05-13,,P,2022-04-24
1500,2022-05-13,0.1,P,2022-04-24
1550,2022-05-13,,P,2022-04-24
1600,2022-05-13,0.1,P,2022-04-24
1650,2022-05-13,,P,2022-04-24
1700,2022-05-13,0.1,P,2022-04-24
1750,2022-05-13,,P,2022-04-24
1800,2022-05-13,0.1,P,2022-04-24
1850,2022-05-13,,P,2022-04-24
1900,2022-05-13,0.1,P,2022-04-24
1950,2022-05-13,,P,2022-04-24
2000,2022-05-13,0.1,P,2022-04-24
2025,2022-05-13,,P,2022-04-24
2050,2022-05-13,,P,2022-04-24
2075,2022-05-13,,P,2022-04-24
2100,2022-05-13,0.1,P,2022-04-24
2125,2022-05-13,,P,2022-04-24
2150,2022-05-13,,P,2022-04-24
2175,2022-05-13,,P,2022-04-24
2200,2022-05-13,0.1,P,2022-04-24
2225,2022-05-13,,P,2022-04-24
2250,2022-05-13,,P,2022-04-24
2275,2022-05-13,,P,2022-04-24
2300,2022-05-13,0.1,P,2022-04-24
2325,2022-05-13,,P,2022-04-24
2350,2022-05-13,,P,2022-04-24
2375,2022-05-13,,P,2022-04-24
2400,2022-05-13,0.2,P,2022-04-24
2425,2022-05-13,,P,2022-04-24
2450,2022-05-13,,P,2022-04-24
2475,2022-05-13,,P,2022-04-24
2500,2022-05-13,0.4,P,2022-04-24
2525,2022-05-13,,P,2022-04-24
2550,2022-05-13,,P,2022-04-24
2575,2022-05-13,,P,2022-04-24
2600,2022-05-13,0.6,P,2022-04-24
2625,2022-05-13,,P,2022-04-24
2650,2022-05-13,0.7,P,2022-04-24
2675,2022-05-13,0.8,P,2022-04-24
2700,2022-05-13,0.9,P,2022-04-24
2725,2022-05-13,0.9,P,2022-04-24
2750,2022-05-13,1.0,P,2022-04-24
2775,2022-05-13,1.2,P,2022-04-24
2800,2022-05-13,1.3,P,2022-04-24
2825,2022-05-13,1.4,P,2022-04-24
2850,2022-05-13,1.6,P,2022-04-24
2875,2022-05-13,1.7,P,2022-04-24
2900,2022-05-13,1.9,P,2022-04-24
2925,2022-05-13,2.1,P,2022-04-24
2950,2022-05-13,2.4,P,2022-04-24
2975,2022-05-13,2.6,P,2022-04-24
3000,2022-05-13,2.9,P,2022-04-24
3025,2022-05-13,3.2,P,2022-04-24
3050,2022-05-13,3.5,P,2022-04-24
3075,2022-05-13,3.9,P,2022-04-24
3100,2022-05-13,4.3,P,2022-04-24
3125,2022-05-13,4.8,P,2022-04-24
3150,2022-05-13,5.3,P,2022-04-24
3175,2022-05-13,5.9,P,2022-04-24
3200,2022-05-13,6.5,P,2022-04-24
3225,2022-05-13,7.2,P,2022-04-24
3250,2022-05-13,7.9,P,2022-04-24
3275,2022-05-13,8.7,P,2022-04-24
3300,2022-05-13,9.5,P,2022-04-24
3325,2022-05-13,10.5,P,2022-04-24
3350,2022-05-13,11.6,P,2022-04-24
3375,2022-05-13,12.9,P,2022-04-24
3400,2022-05-13,14.3,P,2022-04-24
3425,2022-05-13,16.2,P,2022-04-24
3450,2022-05-13,18.4,P,2022-04-24
3475,2022-05-13,21.1,P,2022-04-24
3500,2022-05-13,24.2,P,2022-04-24
3525,2022-05-13,27.8,P,2022-04-24
3550,2022-05-13,31.7,P,2022-04-24
3575,2022-05-13,36.0,P,2022-04-24
3600,2022-05-13,40.5,P,2022-04-24
3625,2022-05-13,45.4,P,2022-04-24
3650,2022-05-13,50.8,P,2022-04-24
3675,2022-05-13,56.8,P,2022-04-24
3700,2022-05-13,63.4,P,2022-04-24
3725,2022-05-13,70.7,P,2022-04-24
3750,2022-05-13,78.9,P,2022-04-24
3775,2022-05-13,87.9,P,2022-04-24
3800,2022-05-13,97.9,P,2022-04-24
3825,2022-05-13,109.0,P,2022-04-24
3850,2022-05-13,121.3,P,2022-04-24
3875,2022-05-13,134.8,P,2022-04-24
3900,2022-05-13,149.6,P,2022-04-24
3925,2022-05-13,165.8,P,2022-04-24
3950,2022-05-13,183.4,P,2022-04-24
3975,2022-05-13,202.4,P,2022-04-24
4000,2022-05-13,222.7,P,2022-04-24
4025,2022-05-13,244.2,P,2022-04-24
4050,2022-05-13,266.7,P,2022-04-24
4075,2022-05-13,289.9,P,2022-04-24
4100,2022-05-13,313.7,P,2022-04-24
4125,2022-05-13,337.8,P,2022-04-24
4150,2022-05-13,362.1,P,2022-04-24
4175,2022-05-13,386.7,P,2022-04-24
4200,2022-05-13,411.4,P,2022-04-24
4225,2022-05-13,436.2,P,2022-04-24
4250,2022-05-13,461.0,P,2022-04-24
4275,2022-05-13,485.9,P,2022-04-24
4300,2022-05-13,510.9,P,2022-04-24
4325,2022-05-13,535.8,P,2022-04-24
4350,2022-05-13,560.8,P,2022-04-24
4375,2022-05-13,585.8,P,2022-04-24
4400,2022-05-13,610.7,P,2022-04-24
4425,2022-05-13,635.7,P,2022-04-24
4450,2022-05-13,660.7,P,2022-04-24
4475,2022-05-13,685.7,P,2022-04-24
4500,2022-05-13,710.6,P,2022-04-24
4525,2022-05-13,735.6,P,2022-04-24
4550,2022-05-13,760.6,P,2022-04-24
4575,2022-05-13,785.6,P,2022-04-24
4600,2022-05-13,810.6,P,2022-04-24
4625,2022-05-13,835.6,P,2022-04-24
4650,2022-05-13,860.6,P,2022-04-24
4675,2022-05-13,885.6,P,2022-04-24
4700,2022-05-13,910.6,P,2022-04-24
4725,2022-05-13,935.6,P,2022-04-24
4750,2022-05-13,960.6,P,2022-04-24
4775,2022-05-13,985.7,P,2022-04-24
4800,2022-05-13,1010.7,P,2022-04-24
4825,2022-05-13,1035.7,P,2022-04-24
4850,2022-05-13,1060.7,P,2022-04-24
4875,2022-05-13,1085.7,P,2022-04-24
4900,2022-05-13,1110.7,P,2022-04-24
4925,2022-05-13,1135.7,P,2022-04-24
4950,2022-05-13,1160.7,P,2022-04-24
4975,2022-05-13,1185.7,P,2022-04-24
5000,2022-05-13,1210.7,P,2022-04-24
1000,2022-05-20,0.1,P,2022-04-24
1050,2022-05-20,0.1,P,2022-04-24
1100,2022-05-20,0.1,P,2022-04-24
1150,2022-05-20,0.1,P,2022-04-24
1200,2022-05-20,0.1,P,2022-04-24
1250,2022-05-20,0.1,P,2022-04-24
1300,2022-05-20,0.1,P,2022-04-24
1350,2022-05-20,0.1,P,2022-04-24
1400,2022-05-20,0.1,P,2022-04-24
1450,2022-05-20,0.1,P,2022-04-24
1500,2022-05-20,0.1,P,2022-04-24
1550,2022-05-20,0.1,P,2022-04-24
1600,2022-05-20,0.1,P,2022-04-24
1650,2022-05-20,0.1,P,2022-04-24
1700,2022-05-20,0.1,P,2022-04-24
1750,2022-05-20,0.1,P,2022-04-24
1800,2022-05-20,0.1,P,2022-04-24
1850,2022-05-20,0.1,P,2022-04-24
1900,2022-05-20,0.1,P,2022-04-24
1950,2022-05-20,0.1,P,2022-04-24
2000,2022-05-20,0.1,P,2022-04-24
2025,2022-05-20,0.1,P,2022-04-24
2050,2022-05-20,0.1,P,2022-04-24
2075,2022-05-20,0.1,P,2022-04-24
2100,2022-05-20,0.1,P,2022-04-24
2125,2022-05-20,0.1,P,2022-04-24
2150,2022-05-20,0.1,P,2022-04-24
2175,2022-05-20,0.1,P,2022-04-24
2200,2022-05-20,0.2,P,2022-04-24
2225,2022-05-20,0.2,P,2022-04-24
2250,2022-05-20,0.3,P,2022-04-24
2275,2022-05-20,0.3,P,2022-04-24
2300,2022-05-20,0.3,P,2022-04-24
2325,2022-05-20,0.4,P,2022-04-24
2350,2022-05-20,0.4,P,2022-04-24
2375,2022-05-20,0.4,P,2022-04-24
2400,2022-05-20,0.5,P,2022-04-24
2425,2022-05-20,0.5,P,2022-04-24
2450,2022-05-20,0.6,P,2022-04-24
2475,2022-05-20,0.7,P,2022-04-24
2500,2022-05-20,0.7,P,2022-04-24
2525,2022-05-20,0.8,P,2022-04-24
2550,2022-05-20,0.9,P,2022-04-24
2575,2022-05-20,1.0,P,2022-04-24
2600,2022-05-20,1.1,P,2022-04-24
2625,2022-05-20,1.2,P,2022-04-24
2650,2022-05-20,1.3,P,2022-04-24
2675,2022-05-20,1.4,P,2022-04-24
2700,2022-05-20,1.5,P,2022-04-24
2725,2022-05-20,1.7,P,2022-04-24
2750,2022-05-20,1.9,P,2022-04-24
2775,2022-05-20,2.0,P,2022-04-24
2800,2022-05-20,2.2,P,2022-04-24
2825,2022-05-20,2.4,P,2022-04-24
2850,2022-05-20,2.7,P,2022-04-24
2875,2022-05-20,2.9,P,2022-04-24
2900,2022-05-20,3.2,P,2022-04-24
2925,2022-05-20,3.5,P,2022-04-24
2950,2022-05-20,3.8,P,2022-04-24
2975,2022-05-20,4.2,P,2022-04-24
3000,2022-05-20,4.5,P,2022-04-24
3025,2022-05-20,5.0,P,2022-04-24
3050,2022-05-20,5.5,P,2022-04-24
3075,2022-05-20,6.0,P,2022-04-24
3100,2022-05-20,6.5,P,2022-04-24
3125,2022-05-20,7.2,P,2022-04-24
3150,2022-05-20,7.9,P,2022-04-24
3175,2022-05-20,8.7,P,2022-04-24
3200,2022-05-20,9.6,P,2022-04-24
3225,2022-05-20,10.6,P,2022-04-24
3250,2022-05-20,11.7,P,2022-04-24
3275,2022-05-20,12.9,P,2022-04-24
3300,2022-05-20,14.3,P,2022-04-24
3325,2022-05-20,15.9,P,2022-04-24
3350,2022-05-20,17.7,P,2022-04-24
3375,2022-05-20,19.6,P,2022-04-24
3400,2022-05-20,21.9,P,2022-04-24
3425,2022-05-20,24.4,P,2022-04-24
3450,2022-05-20,27.1,P,2022-04-24
3475,2022-05-20,30.2,P,2022-04-24
3500,2022-05-20,33.6,P,2022-04-24
3525,2022-05-20,37.4,P,2022-04-24
3550,2022-05-20,41.5,P,2022-04-24
3575,2022-05-20,46.2,P,2022-04-24
3600,2022-05-20,51.4,P,2022-04-24
3625,2022-05-20,57.1,P,2022-04-24
3650,2022-05-20,63.4,P,2022-04-24
3675,2022-05-20,70.4,P,2022-04-24
3700,2022-05-20,78.0,P,2022-04-24
3725,2022-05-20,86.3,P,2022-04-24
3750,2022-05-20,95.2,P,2022-04-24
3775,2022-05-20,103.4,P,2022-04-24
3800,2022-05-20,112.0,P,2022-04-24
3825,2022-05-20,122.7,P,2022-04-24
3850,2022-05-20,135.2,P,2022-04-24
3875,2022-05-20,149.0,P,2022-04-24
3900,2022-05-20,164.1,P,2022-04-24
3925,2022-05-20,180.6,P,2022-04-24
3950,2022-05-20,198.3,P,2022-04-24
3975,2022-05-20,217.0,P,2022-04-24
4000,2022-05-20,236.8,P,2022-04-24
4025,2022-05-20,257.4,P,2022-04-24
4050,2022-05-20,278.7,P,2022-04-24
4075,2022-05-20,300.9,P,2022-04-24
4100,2022-05-20,323.7,P,2022-04-24
4125,2022-05-20,347.2,P,2022-04-24
4150,2022-05-20,371.2,P,2022-04-24
4175,2022-05-20,395.6,P,2022-04-24
4200,2022-05-20,420.1,P,2022-04-24
4225,2022-05-20,444.8,P,2022-04-24
4250,2022-05-20,469.6,P,2022-04-24
4275,2022-05-20,494.4,P,2022-04-24
4300,2022-05-20,519.2,P,2022-04-24
4325,2022-05-20,544.1,P,2022-04-24
4350,2022-05-20,569.0,P,2022-04-24
4375,2022-05-20,593.9,P,2022-04-24
4400,2022-05-20,618.8,P,2022-04-24
4425,2022-05-20,643.8,P,2022-04-24
4450,2022-05-20,668.7,P,2022-04-24
4475,2022-05-20,693.7,P,2022-04-24
4500,2022-05-20,718.7,P,2022-04-24
4525,2022-05-20,743.7,P,2022-04-24
4550,2022-05-20,768.7,P,2022-04-24
4575,2022-05-20,793.7,P,2022-04-24
4600,2022-05-20,818.7,P,2022-04-24
4625,2022-05-20,843.7,P,2022-04-24
4650,2022-05-20,868.7,P,2022-04-24
4675,2022-05-20,893.7,P,2022-04-24
4700,2022-05-20,918.7,P,2022-04-24
4725,2022-05-20,943.7,P,2022-04-24
4750,2022-05-20,968.7,P,2022-04-24
4775,2022-05-20,993.7,P,2022-04-24
4800,2022-05-20,1018.7,P,2022-04-24
4825,2022-05-20,1043.7,P,2022-04-24
4850,2022-05-20,1068.7,P,2022-04-24
4875,2022-05-20,1093.7,P,2022-04-24
4900,2022-05-20,1118.8,P,2022-04-24
4925,2022-05-20,1143.8,P,2022-04-24
4950,2022-05-20,1168.8,P,2022-04-24
4975,2022-05-20,1193.8,P,2022-04-24
5000,2022-05-20,1218.8,P,2022-04-24
1000,2022-05-27,0.1,P,2022-04-24
1050,2022-05-27,,P,2022-04-24
1100,2022-05-27,0.1,P,2022-04-24
1150,2022-05-27,,P,2022-04-24
1200,2022-05-27,0.1,P,2022-04-24
1250,2022-05-27,,P,2022-04-24
1300,2022-05-27,0.1,P,2022-04-24
1350,2022-05-27,,P,2022-04-24
1400,2022-05-27,0.1,P,2022-04-24
1450,2022-05-27,,P,2022-04-24
1500,2022-05-27,0.1,P,2022-04-24
1550,2022-05-27,,P,2022-04-24
1600,2022-05-27,0.1,P,2022-04-24
1650,2022-05-27,,P,2022-04-24
1700,2022-05-27,0.1,P,2022-04-24
1750,2022-05-27,,P,2022-04-24
1800,2022-05-27,0.1,P,2022-04-24
1850,2022-05-27,,P,2022-04-24
1900,2022-05-27,0.1,P,2022-04-24
1950,2022-05-27,,P,2022-04-24
2000,2022-05-27,0.2,P,2022-04-24
2025,2022-05-27,,P,2022-04-24
2050,2022-05-27,,P,2022-04-24
2075,2022-05-27,,P,2022-04-24
2100,2022-05-27,0.4,P,2022-04-24
2125,2022-05-27,,P,2022-04-24
2150,2022-05-27,,P,2022-04-24
2175,2022-05-27,,P,2022-04-24
2200,2022-05-27,0.5,P,2022-04-24
2225,2022-05-27,,P,2022-04-24
2250,2022-05-27,,P,2022-04-24
2275,2022-05-27,,P,2022-04-24
2300,2022-05-27,0.8,P,2022-04-24
2325,2022-05-27,,P,2022-04-24
2350,2022-05-27,,P,2022-04-24
2375,2022-05-27,,P,2022-04-24
2400,2022-05-27,1.1,P,2022-04-24
2425,2022-05-27,,P,2022-04-24
2450,2022-05-27,,P,2022-04-24
2475,2022-05-27,,P,2022-04-24
2500,2022-05-27,1.5,P,2022-04-24
2525,2022-05-27,,P,2022-04-24
2550,2022-05-27,,P,2022-04-24
2575,2022-05-27,,P,2022-04-24
2600,2022-05-27,2.1,P,2022-04-24
2625,2022-05-27,,P,2022-04-24
2650,2022-05-27,,P,2022-04-24
2675,2022-05-27,,P,2022-04-24
2700,2022-05-27,3.0,P,2022-04-24
2725,2022-05-27,,P,2022-04-24
2750,2022-05-27,,P,2022-04-24
2775,2022-05-27,,P,2022-04-24
2800,2022-05-27,4.1,P,2022-04-24
2825,2022-05-27,4.4,P,2022-04-24
2850,2022-05-27,4.7,P,2022-04-24
2875,2022-05-27,5.1,P,2022-04-24
2900,2022-05-27,5.4,P,2022-04-24
2925,2022-05-27,5.8,P,2022-04-24
2950,2022-05-27,6.2,P,2022-04-24
2975,2022-05-27,6.7,P,2022-04-24
3000,2022-05-27,7.2,P,2022-04-24
3025,2022-05-27,7.7,P,2022-04-24
3050,2022-05-27,8.2,P,2022-04-24
3075,2022-05-27,8.9,P,2022-04-24
3100,2022-05-27,9.6,P,2022-04-24
3125,2022-05-27,10.3,P,2022-04-24
3150,2022-05-27,11.2,P,2022-04-24
3175,2022-05-27,12.1,P,2022-04-24
3200,2022-05-27,13.2,P,2022-04-24
3225,2022-05-27,14.5,P,2022-04-24
3250,2022-05-27,15.9,P,2022-04-24
3275,2022-05-27,17.4,P,2022-04-24
3300,2022-05-27,19.2,P,2022-04-24
3325,2022-05-27,21.2,P,2022-04-24
3350,2022-05-27,23.4,P,2022-04-24
3375,2022-05-27,25.8,P,2022-04-24
3400,2022-05-27,28.5,P,2022-04-24
3425,2022-05-27,31.5,P,2022-04-24
3450,2022-05-27,34.8,P,2022-04-24
3475,2022-05-27,38.4,P,2022-04-24
3500,2022-05-27,42.5,P,2022-04-24
3525,2022-05-27,46.9,P,2022-04-24
3550,2022-05-27,51.7,P,2022-04-24
3575,2022-05-27,56.8,P,2022-04-24
3600,2022-05-27,62.4,P,2022-04-24
3625,2022-05-27,68.4,P,2022-04-24
3650,2022-05-27,74.9,P,2022-04-24
3675,2022-05-27,81.9,P,2022-04-24
3700,2022-05-27,89.6,P,2022-04-24
3725,2022-05-27,98.0,P,2022-04-24
3750,2022-05-27,107.1,P,2022-04-24
3775,2022-05-27,117.0,P,2022-04-24
3800,2022-05-27,127.7,P,2022-04-24
3825,2022-05-27,139.3,P,2022-04-24
3850,2022-05-27,151.8,P,2022-04-24
3875,2022-05-27,165.3,P,2022-04-24
3900,2022-05-27,179.8,P,2022-04-24
3925,2022-05-27,195.3,P,2022-04-24
3950,2022-05-27,211.9,P,2022-04-24
3975,2022-05-27,229.6,P,2022-04-24
4000,2022-05-27,248.3,P,2022-04-24
4025,2022-05-27,268.3,P,2022-04-24
4050,2022-05-27,289.5,P,2022-04-24
4075,2022-05-27,311.6,P,2022-04-24
4100,2022-05-27,334.4,P,2022-04-24
4125,2022-05-27,357.8,P,2022-04-24
4150,2022-05-27,381.6,P,2022-04-24
4175,2022-05-27,405.6,P,2022-04-24
4200,2022-05-27,429.9,P,2022-04-24
4225,2022-05-27,454.3,P,2022-04-24
4250,2022-05-27,478.8,P,2022-04-24
4275,2022-05-27,503.4,P,2022-04-24
4300,2022-05-27,528.2,P,2022-04-24
4325,2022-05-27,553.0,P,2022-04-24
4350,2022-05-27,577.8,P,2022-04-24
4375,2022-05-27,602.7,P,2022-04-24
4400,2022-05-27,627.6,P,2022-04-24
4425,2022-05-27,652.5,P,2022-04-24
4450,2022-05-27,677.5,P,2022-04-24
4475,2022-05-27,702.5,P,2022-04-24
4500,2022-05-27,727.5,P,2022-04-24
4525,2022-05-27,752.5,P,2022-04-24
4550,2022-05-27,777.5,P,2022-04-24
4575,2022-05-27,802.5,P,2022-04-24
4600,2022-05-27,827.5,P,2022-04-24
4625,2022-05-27,852.5,P,2022-04-24
4650,2022-05-27,877.5,P,2022-04-24
4675,2022-05-27,902.5,P,2022-04-24
4700,2022-05-27,927.5,P,2022-04-24
4725,2022-05-27,952.5,P,2022-04-24
4750,2022-05-27,977.5,P,2022-04-24
4775,2022-05-27,1002.6,P,2022-04-24
4800,2022-05-27,1027.6,P,2022-04-24
4825,2022-05-27,1052.6,P,2022-04-24
4850,2022-05-27,1077.6,P,2022-04-24
4875,2022-05-27,1102.6,P,2022-04-24
4900,2022-05-27,1127.6,P,2022-04-24
4925,2022-05-27,1152.6,P,2022-04-24
4950,2022-05-27,1177.7,P,2022-04-24
4975,2022-05-27,1202.7,P,2022-04-24
5000,2022-05-27,1227.7,P,2022-04-24
1000,2022-06-03,0.1,P,2022-04-24
1050,2022-06-03,,P,2022-04-24
1100,2022-06-03,0.1,P,2022-04-24
1150,2022-06-03,,P,2022-04-24
1200,2022-06-03,0.1,P,2022-04-24
1250,2022-06-03,,P,2022-04-24
1300,2022-06-03,0.1,P,2022-04-24
1350,2022-06-03,,P,2022-04-24
1400,2022-06-03,0.1,P,2022-04-24
1450,2022-06-03,,P,2022-04-24
1500,2022-06-03,0.1,P,2022-04-24
1550,2022-06-03,,P,2022-04-24
1600,2022-06-03,0.1,P,2022-04-24
1650,2022-06-03,,P,2022-04-24
1700,2022-06-03,0.1,P,2022-04-24
1750,2022-06-03,,P,2022-04-24
1800,2022-06-03,0.2,P,2022-04-24
1850,2022-06-03,,P,2022-04-24
1900,2022-06-03,0.3,P,2022-04-24
1950,2022-06-03,,P,2022-04-24
2000,2022-06-03,0.4,P,2022-04-24
2025,2022-06-03,,P,2022-04-24
2050,2022-06-03,,P,2022-04-24
2075,2022-06-03,,P,2022-04-24
2100,2022-06-03,0.6,P,2022-04-24
2125,2022-06-03,,P,2022-04-24
2150,2022-06-03,,P,2022-04-24
2175,2022-06-03,,P,2022-04-24
2200,2022-06-03,0.9,P,2022-04-24
2225,2022-06-03,,P,2022-04-24
2250,2022-06-03,,P,2022-04-24
2275,2022-06-03,,P,2022-04-24
2300,2022-06-03,1.2,P,2022-04-24
2325,2022-06-03,,P,2022-04-24
2350,2022-06-03,,P,2022-04-24
2375,2022-06-03,,P,2022-04-24
2400,2022-06-03,1.6,P,2022-04-24
2425,2022-06-03,,P,2022-04-24
2450,2022-06-03,,P,2022-04-24
2475,2022-06-03,,P,2022-04-24
2500,2022-06-03,2.2,P,2022-04-24
2525,2022-06-03,,P,2022-04-24
2550,2022-06-03,,P,2022-04-24
2575,2022-06-03,,P,2022-04-24
2600,2022-06-03,3.1,P,2022-04-24
2625,2022-06-03,,P,2022-04-24
2650,2022-06-03,,P,2022-04-24
2675,2022-06-03,,P,2022-04-24
2700,2022-06-03,4.2,P,2022-04-24
2725,2022-06-03,,P,2022-04-24
2750,2022-06-03,,P,2022-04-24
2775,2022-06-03,,P,2022-04-24
2800,2022-06-03,5.6,P,2022-04-24
2825,2022-06-03,6.1,P,2022-04-24
2850,2022-06-03,6.6,P,2022-04-24
2875,2022-06-03,7.1,P,2022-04-24
2900,2022-06-03,7.7,P,2022-04-24
2925,2022-06-03,8.3,P,2022-04-24
2950,2022-06-03,8.9,P,2022-04-24
2975,2022-06-03,9.7,P,2022-04-24
3000,2022-06-03,10.4,P,2022-04-24
3025,2022-06-03,11.3,P,2022-04-24
3050,2022-06-03,12.2,P,2022-04-24
3075,2022-06-03,13.2,P,2022-04-24
3100,2022-06-03,14.3,P,2022-04-24
3125,2022-06-03,15.4,P,2022-04-24
3150,2022-06-03,16.7,P,2022-04-24
3175,2022-06-03,18.1,P,2022-04-24
3200,2022-06-03,19.6,P,2022-04-24
3225,2022-06-03,21.2,P,2022-04-24
3250,2022-06-03,23.0,P,2022-04-24
3275,2022-06-03,25.0,P,2022-04-24
3300,2022-06-03,27.1,P,2022-04-24
3325,2022-06-03,29.4,P,2022-04-24
3350,2022-06-03,31.9,P,2022-04-24
3375,2022-06-03,34.6,P,2022-04-24
3400,2022-06-03,37.6,P,2022-04-24
3425,2022-06-03,40.8,P,2022-04-24
3450,2022-06-03,44.3,P,2022-04-24
3475,2022-06-03,48.1,P,2022-04-24
3500,2022-06-03,52.2,P,2022-04-24
3525,2022-06-03,56.7,P,2022-04-24
3550,2022-06-03,61.6,P,2022-04-24
3575,2022-06-03,67.0,P,2022-04-24
3600,2022-06-03,72.7,P,2022-04-24
3625,2022-06-03,78.9,P,2022-04-24
3650,2022-06-03,85.6,P,2022-04-24
3675,2022-06-03,92.8,P,2022-04-24
3700,2022-06-03,100.5,P,2022-04-24
3725,2022-06-03,108.8,P,2022-04-24
3750,2022-06-03,117.8,P,2022-04-24
3775,2022-06-03,127.4,P,2022-04-24
3800,2022-06-03,137.9,P,2022-04-24
3825,2022-06-03,149.2,P,2022-04-24
3850,2022-06-03,161.3,P,2022-04-24
3875,2022-06-03,174.3,P,2022-04-24
3900,2022-06-03,188.3,P,2022-04-24
3925,2022-06-03,203.5,P,2022-04-24
3950,2022-06-03,219.8,P,2022-04-24
3975,2022-06-03,237.3,P,2022-04-24
4000,2022-06-03,255.7,P,2022-04-24
4025,2022-06-03,275.2,P,2022-04-24
4050,2022-06-03,295.5,P,2022-04-24
4075,2022-06-03,316.7,P,2022-04-24
4100,2022-06-03,338.6,P,2022-04-24
4125,2022-06-03,361.9,P,2022-04-24
4150,2022-06-03,385.4,P,2022-04-24
4175,2022-06-03,409.3,P,2022-04-24
4200,2022-06-03,433.3,P,2022-04-24
4225,2022-06-03,457.6,P,2022-04-24
4250,2022-06-03,482.0,P,2022-04-24
4275,2022-06-03,506.5,P,2022-04-24
4300,2022-06-03,531.1,P,2022-04-24
4325,2022-06-03,555.8,P,2022-04-24
4350,2022-06-03,580.6,P,2022-04-24
4375,2022-06-03,605.5,P,2022-04-24
4400,2022-06-03,630.3,P,2022-04-24
4425,2022-06-03,655.3,P,2022-04-24
4450,2022-06-03,680.2,P,2022-04-24
4475,2022-06-03,705.2,P,2022-04-24
4500,2022-06-03,730.1,P,2022-04-24
4525,2022-06-03,755.1,P,2022-04-24
4550,2022-06-03,780.1,P,2022-04-24
4575,2022-06-03,805.1,P,2022-04-24
4600,2022-06-03,830.1,P,2022-04-24
4625,2022-06-03,855.1,P,2022-04-24
4650,2022-06-03,880.1,P,2022-04-24
4675,2022-06-03,905.1,P,2022-04-24
4700,2022-06-03,930.1,P,2022-04-24
4725,2022-06-03,955.2,P,2022-04-24
4750,2022-06-03,980.2,P,2022-04-24
4775,2022-06-03,1005.2,P,2022-04-24
4800,2022-06-03,1030.2,P,2022-04-24
4825,2022-06-03,1055.2,P,2022-04-24
4850,2022-06-03,1080.2,P,2022-04-24
4875,2022-06-03,1105.3,P,2022-04-24
4900,2022-06-03,1130.3,P,2022-04-24
4925,2022-06-03,1155.3,P,2022-04-24
4950,2022-06-03,1180.3,P,2022-04-24
4975,2022-06-03,,P,2022-04-24
5000,2022-06-03,1230.3,P,2022-04-24
